{
  "options.go": 1778000295.6472514,
  "watcher.go": 1778000295.648755,
  "watcher_test.go": 1778000295.6507602,
  "README.md": 1778000295.6274364,
  "x_fork.branch-origin.md": 1778004928.12185
}